{
	"pattrstorage" : 	{
		"name" : "interp",
		"slots" : 		{
			"1" : 			{
				"id" : 1,
				"data" : 				{
					"dis_function" : [ 6.843200206756592, 0.0, 158.0, 0.0, 107.0, 0, 1.0, 107.0, 0, 2.0, 100.0, 0, 3.0, 36.0, 0, 4.0, 113.0, 0, 5.0, 36.0, 0, 6.0, 36.0, 0, "linear" ]
				}

			}
,
			"2" : 			{
				"id" : 2,
				"data" : 				{
					"dis_function" : [ 6.843200206756592, 0.0, 158.0, 0.0, 42.0, 0, 1.0, 42.0, 0, 2.0, 69.0, 0, 3.0, 106.0, 0, 4.0, 106.0, 0, 5.0, 128.0, 0, 6.0, 106.0, 0, "linear" ]
				}

			}
,
			"3" : 			{
				"id" : 3,
				"data" : 				{
					"dis_function" : [ 6.843200206756592, 0.0, 158.0, 0.0, 30.0, 0, 1.0, 30.0, 0, 2.0, 74.0, 0, 3.0, 129.0, 0, 4.0, 95.0, 0, 5.0, 95.0, 0, 6.0, 113.0, 0, "linear" ]
				}

			}
,
			"4" : 			{
				"id" : 4,
				"data" : 				{
					"dis_function" : [ 6.843200206756592, 0.0, 158.0, 0.0, 98.0, 0, 1.0, 98.0, 0, 2.0, 49.0, 0, 3.0, 44.0, 0, 4.0, 114.0, 0, 5.0, 98.0, 0, 6.0, 15.0, 0, "linear" ]
				}

			}
,
			"5" : 			{
				"id" : 5,
				"data" : 				{
					"dis_function" : [ 6.843200206756592, 0.0, 158.0, 0.0, 115.0, 0, 1.0, 115.0, 0, 2.0, 117.0, 0, 3.0, 78.0, 0, 4.0, 84.0, 0, 5.0, 73.0, 0, 6.0, 50.0, 0, "linear" ]
				}

			}
,
			"6" : 			{
				"id" : 6,
				"data" : 				{
					"dis_function" : [ 6.843200206756592, 0.0, 158.0, 0.0, 25.0, 0, 1.0, 25.0, 0, 2.0, 67.0, 0, 3.0, 78.0, 0, 4.0, 65.0, 0, 5.0, 124.0, 0, 6.0, 56.0, 0, "linear" ]
				}

			}

		}

	}

}
